,# x_m, y_m, w_tr_right_m, w_tr_left_m,psi_m
0,0.0,0.0,1.1,1.1,0.944395888081727
1,0.2280310291062993,0.3151271159628834,1.1,1.1,0.9444433503099108
2,0.4560415220948366,0.6302573434587614,1.1,1.1,0.9444879706964541
3,0.684032956943787,0.9453908380642784,1.1,1.1,0.9445296590762008
4,0.9120069672079696,1.2605279109327494,1.1,1.1,0.9445683873369259
5,1.1399650308655511,1.5756686398524795,1.1,1.1,0.9446045066946435
6,1.367908625894724,1.890813335976775,1.1,1.1,0.9446375030455316
7,1.5958393080619675,2.2059620770939667,1.1,1.1,0.9446677276535004
8,1.82375863313378,2.521115174357353,1.1,1.1,0.944695269914243
9,2.051668001300013,2.836272783343577,1.1,1.1,0.9447197605642471
10,2.279569046115495,3.1514351374176157,1.1,1.1,0.9447412891225704
11,2.5074632455583843,3.466602314367799,1.1,1.1,0.9447600449291738
12,2.7353521553951774,3.781774625347416,1.1,1.1,0.9447760727276653
13,2.9632372536040674,4.096952303721452,1.1,1.1,0.944789345033046
14,3.1911198625865493,4.412135349489906,1.1,1.1,0.9448012931311238
15,3.419000449072592,4.727323529287793,1.1,1.1,0.9448118896620709
16,3.646879324215493,5.042516376385173,1.1,1.1,0.9448216931796353
17,3.874756643591888,5.357713579628746,1.1,1.1,0.9448299382272431
18,4.102632873931736,5.672914750076876,1.1,1.1,0.9448373180521445
19,4.330508093023361,5.988119420999638,1.1,1.1,0.9448434187214929
20,4.558382689808389,6.303327281243709,1.1,1.1,0.9448483300726686
21,4.786256897651789,6.618537864079153,1.1,1.1,0.94485228647011
22,5.014130949918545,6.933750858352674,1.1,1.1,0.9448548466111089
23,5.242005235550277,7.248965875122636,1.1,1.1,0.9448565416523345
24,5.469879832335305,7.564182447659093,1.1,1.1,0.9448567955641586
25,5.697755207003583,7.8794002648087424,1.1,1.1,0.9448558602539552
26,5.925631592920085,8.194618859841649,1.1,1.1,0.9448541321374948
27,6.153509145661455,8.509837921604506,1.1,1.1,0.9448508906668118
28,6.381388254169322,8.825056983367364,1.1,1.1,0.9448466943271782
29,6.609269151808663,9.140275733976909,1.1,1.1,0.9448413087857531
30,6.837152071944451,9.455493706703216,1.1,1.1,0.9448346891355085
31,7.065037325729985,9.770710512604651,1.1,1.1,0.9448269525433513
32,7.292925224318563,10.08592584052791,1.1,1.1,0.9448181439054737
33,7.52081600107516,10.401139301531371,1.1,1.1,0.9448080288658789
34,7.748709889364743,10.716350351096768,1.1,1.1,0.9447970760978508
35,7.976607122552305,11.03155875585912,1.1,1.1,0.9447845650486308
36,8.204508167367779,11.3467641268768,1.1,1.1,0.9447710716695594
37,8.432413101599495,11.661965919631534,1.1,1.1,0.9447566956367588
38,8.660322236400761,11.97716397854668,1.1,1.1,0.944740571786826
39,8.888235960713189,12.292357681315629,1.1,1.1,0.9447238170591192
40,9.116154352325108,12.607546716785096,1.1,1.1,0.9447056211358169
41,9.34407787796646,12.922730773801764,1.1,1.1,0.9446863978414941
42,9.57200669321391,13.237909385635705,1.1,1.1,0.9446660574116963
43,9.799941109220743,13.553082241133591,1.1,1.1,0.9446444102698194
44,10.027881359351936,13.868248795777172,1.1,1.1,0.944621925172556
45,10.255827676972476,14.183408816201474,1.1,1.1,0.9445979263725848
46,10.483780451023978,14.49856183567653,1.1,1.1,0.9445728551267839
47,10.711739914871412,14.813707465260729,1.1,1.1,0.9445465493399308
48,10.939706379668085,15.128845316012438,1.1,1.1,0.9445193330469394
49,11.167680000990648,15.443974998990042,1.1,1.1,0.9444911613752781
50,11.395661012204068,15.759096203040244,1.1,1.1,0.9444802661453485
51,11.623644045913927,16.07421297315592,1.1,1.1,0.9445272730326546
52,11.851611210805526,16.389339000082256,1.1,1.1,0.9446369750122015
53,12.079543215374292,16.704489219177624,1.1,1.1,0.9448094616894551
54,12.307420612539008,17.019678410223726,1.1,1.1,0.9450444354839035
55,12.535224266371776,17.334921586367283,1.1,1.1,0.9453423537851577
56,12.762934652003056,17.650233527390007,1.1,1.1,0.9457029622569202
57,12.99053247792828,17.96562916865026,1.1,1.1,0.9461263028332326
58,13.21799837485456,18.281123367718106,1.1,1.1,0.9466121639909435
59,13.445313129065664,18.59673105995189,1.1,1.1,0.9471610729872711
60,13.672457215692058,18.912467102921678,1.1,1.1,0.9477723748871781
61,13.89941142101749,19.22834635419751,1.1,1.1,0.948446620765715
62,14.126156375749092,19.544383826926072,1.1,1.1,0.9491833363369061
63,14.352672710593971,19.86059422310078,1.1,1.1,0.949982816137203
64,14.578941134047552,20.176992555868317,1.1,1.1,0.9508450259281928
65,14.80494219902864,20.4935936050104,1.1,1.1,0.9517698145270322
66,15.030656691820994,20.81041238367372,1.1,1.1,0.952757424664824
67,15.256065165343392,21.127463749428355,1.1,1.1,0.9538074003817634
68,15.48114832809129,21.444762482056,1.1,1.1,0.9547623860034931
69,15.705933250401715,21.76228291140944,1.1,1.1,0.9545299182492676
70,15.93076850175833,22.079717929182216,1.1,1.1,0.9526475763020217
71,16.156138470059926,22.39664141093079,1.1,1.1,0.949111645958618
72,16.382527932146985,22.71262684327004,1.1,1.1,0.9439183424258727
73,16.610421742648246,23.027247868391463,1.1,1.1,0.9399383721854273
74,16.839522516797842,23.3408999621386,1.1,1.1,0.947935200632203
75,17.066600327771457,23.65705987369048,1.1,1.1,0.96629271607772
76,17.28885347347309,23.97880739840444,1.1,1.1,0.9403664205662496
77,17.51877927059601,24.293872050342475,1.1,1.1,0.8323734291083308
78,17.77883015228243,24.57957892175329,1.1,1.1,0.6867682314777237
79,18.075906954194515,24.823157347770117,1.1,1.1,0.5367848170001301
80,18.405437356386077,25.01925020203736,1.1,1.1,0.40207589725109044
81,18.76060484573909,25.170282457793835,1.1,1.1,0.3240819872231949
82,19.13045814851662,25.29452573687452,1.1,1.1,0.2992030584699319
83,19.504628236593216,25.40994346377137,1.1,1.1,0.28241679943464837
84,19.880223717934303,25.518931052159704,1.1,1.1,0.255301723770786
85,20.25747189002509,25.61739170212314,1.1,1.1,0.21756889917590563
86,20.63661039619799,25.701207144167636,1.1,1.1,0.1692240907363987
87,21.01786972325951,25.76634840979605,1.1,1.1,0.1178999162368403
88,21.401251349187834,25.81175967807524,1.1,1.1,0.07312780824452356
89,21.786479514371383,25.83998089338811,1.1,1.1,0.035629621968238025
90,22.1732616569204,25.85376762935405,1.1,1.1,0.00543088446875728
91,22.56130537052178,25.8558750706508,1.1,1.1,-0.017520197100460367
92,22.950318248862438,25.849058790897757,1.1,1.1,-0.03330840078143108
93,23.340007807840937,25.836074052561,1.1,1.1,-0.042012701550516326
94,23.730081563355853,25.81967635147156,1.1,1.1,-0.043685440628181506
95,24.12024703130577,25.80262095009556,1.1,1.1,-0.0383577542766983
96,24.510212505472488,25.78765540985489,1.1,1.1,-0.029008577851634663
97,24.899785226387067,25.77635128827645,1.1,1.1,-0.021800395641485733
98,25.288975695473344,25.76786543770721,1.1,1.1,-0.01750421304063827
99,25.67781953978411,25.761058336976497,1.1,1.1,-0.01613156598882198
100,26.066352153007152,25.75479015376033,1.1,1.1,-0.01768949494440022
101,26.454609162195265,25.747921366888008,1.1,1.1,-0.022183908870347352
102,26.842626116612905,25.739312221823884,1.1,1.1,-0.02961674598741482
103,27.23043856552452,25.727823119608964,1.1,1.1,-0.0399864125874807
104,27.61808198040624,25.712314383495887,1.1,1.1,-0.05328522957315856
105,28.005591988310844,25.691646258949007,1.1,1.1,-0.06838205089552798
106,28.39300577205762,25.665112739132013,1.1,1.1,-0.08121712994491186
107,28.78036681532015,25.63358303078676,1.1,1.1,-0.09087631260968365
108,29.167720235326836,25.59828455589097,1.1,1.1,-0.09736981492603408
109,29.555110915941125,25.560444736422436,1.1,1.1,-0.10070755701081578
110,29.942583741026457,25.521290838782267,1.1,1.1,-0.1008962209631288
111,30.33018382781124,25.48205020715988,1.1,1.1,-0.0979392945267654
112,30.71795590458225,25.443950185744743,1.1,1.1,-0.09183645023724428
113,31.10594516635625,25.40821811872626,1.1,1.1,-0.08258465964201285
114,31.49419641920832,25.37608142808221,1.1,1.1,-0.06986180812297776
115,31.88272179811716,25.34889409739487,1.1,1.1,-0.05153253860017682
116,32.271315008445264,25.328851157614796,1.1,1.1,-0.026671551661556773
117,32.659681076864814,25.31849037505177,1.1,1.1,0.004795703527708519
118,33.04752456331803,25.320350371687187,1.1,1.1,0.042914571525810796
119,33.43455018332383,25.336969613925792,1.1,1.1,0.08486593774263854
120,33.82055444262437,25.369807099588368,1.1,1.1,0.12048212503263354
121,34.20566506964907,25.416431865735184,1.1,1.1,0.14747137630770998
122,34.590084391830864,25.4735372862536,1.1,1.1,0.16588636249588773
123,34.97401481439098,25.537816812819354,1.1,1.1,0.1766308385981193
124,35.35758741065681,25.606281040108588,1.1,1.1,0.1906087567268219
125,35.74000609491184,25.68006917813867,1.1,1.1,0.21549706387908193
126,36.11982610459874,25.763210273195075,1.1,1.1,0.2515834278451763
127,36.49558929756819,25.859792412901776,1.1,1.1,0.29896567590978956
128,36.86583729830599,25.973904073824432,1.1,1.1,0.35573768851341003
129,37.22927679812325,26.108937993751248,1.1,1.1,0.40972786704371283
130,37.585692712301736,26.263732170685643,1.1,1.1,0.45619133515522914
131,37.9353043261292,26.435291520756053,1.1,1.1,0.495335539893005
132,38.27833193614161,26.62061605942641,1.1,1.1,0.5274778360029789
133,38.615000195021125,26.816736761913965,1.1,1.1,0.5547665304504471
134,38.94567066290165,27.021647545109225,1.1,1.1,0.5794957222038478
135,39.27086467713628,27.234470101036365,1.1,1.1,0.6017558591953848
136,39.59111283188882,27.45439014151085,1.1,1.1,0.6215239736521525
137,39.90694564353471,27.680593456136545,1.1,1.1,0.6387889436209736
138,40.218893784026086,27.912265834517253,1.1,1.1,0.6535485106476191
139,40.52748776973835,28.14859291068015,1.1,1.1,0.6658066181629669
140,40.833258117047016,28.38876062980573,1.1,1.1,0.6755683497311766
141,41.13673542011583,28.63195454813284,1.1,1.1,0.6828454718471101
142,41.43844926186039,28.877362088820103,1.1,1.1,0.6882722080599534
143,41.738800718883546,29.124381792539825,1.1,1.1,0.6930971212633162
144,42.03793626660102,29.37283070115197,1.1,1.1,0.6974666286329626
145,42.3359722763468,29.622575018737795,1.1,1.1,0.701379717585352
146,42.63302543060812,29.873480871590232,1.1,1.1,0.7048374145569505
147,42.929212022930656,30.12541469715552,1.1,1.1,0.7078384345832867
148,43.22464858022502,30.37824254393828,1.1,1.1,0.7103833229667085
149,43.51945162940184,30.631830771596395,1.1,1.1,0.7124718958129955
150,43.81373761958337,30.88604558421117,1.1,1.1,0.7141043326388166
151,44.107622999891966,31.140753263652183,1.1,1.1,0.7152804032202464
152,44.40122429723821,31.39582001400069,1.1,1.1,0.7160004558753454
153,44.6946579607444,31.65111211712626,1.1,1.1,0.7162642619722394
154,44.988040439532845,31.90649569932188,1.1,1.1,0.7160722181532987
155,45.281488260514166,32.161837120245416,1.1,1.1,0.7154240988936448
156,45.57511795059899,32.417002583978146,1.1,1.1,0.7143203753956797
157,45.86904580333292,32.67185829460133,1.1,1.1,0.712760627253439
158,46.16338850120328,32.926270533984564,1.1,1.1,0.7107454753734278
159,46.45826241554401,33.18010558399745,1.1,1.1,0.7082746044113752
160,46.75378399547744,33.433229570932895,1.1,1.1,0.7055120599696871
161,47.05002612866392,33.68555529407876,1.1,1.1,0.7035023305758805
162,47.346782676042615,33.93729184845223,1.1,1.1,0.7026554272875287
163,47.64373789480293,34.188764778192805,1.1,1.1,0.7029723469408451
164,47.94057588655775,34.44030001638158,1.1,1.1,0.704453580889611
165,48.23698067513149,34.69222341831135,1.1,1.1,0.7071001709214363
166,48.532636284348605,34.94486083927487,1.1,1.1,0.7109133659445014
167,48.82722689361026,35.19853813456496,1.1,1.1,0.7158957291782997
168,49.120436448952574,35.45358131505102,1.1,1.1,0.7220487540774299
169,49.41194897420003,35.71031615823754,1.1,1.1,0.7285527795432938
170,49.701664978085134,35.96883398761787,1.1,1.1,0.7251841438182276
171,49.99217628980347,36.22630890892698,1.1,1.1,0.7050164795605803
172,50.28789817467337,36.4779387377188,1.1,1.1,0.6679939508710077
173,50.59328043602937,36.71888356220957,1.1,1.1,0.6144452398305982
174,50.91277303278265,36.94430354840405,1.1,1.1,0.5433470731970438
175,51.24998114263663,37.147973374453045,1.1,1.1,0.441579787880487
176,51.60318852178013,37.31493870163463,1.1,1.1,0.2971941142822055
177,51.96861247955257,37.426855098241774,1.1,1.1,0.10266107841345276
178,52.34246558020539,37.465370664888255,1.1,1.1,-0.1380469676381822
179,52.720683228188754,37.41282465145408,1.1,1.1,-0.3649321261097853
180,53.09131589219294,37.271226563735055,1.1,1.1,-0.5431075608001819
181,53.43358498824977,37.06461182728402,1.1,1.1,-0.703756771531584
182,53.729751977914425,36.813245778701805,1.1,1.1,-0.8752117274211341
183,53.97384092870721,36.52084257713484,1.1,1.1,-1.0519439182739627
184,54.163605002653256,36.18852890868027,1.1,1.1,-1.1808366576206297
185,54.31183633419695,35.827875553294064,1.1,1.1,-1.2351742204146032
186,54.441121074610976,35.457239699968575,1.1,1.1,-1.2415504429443271
187,54.56712944857076,35.088451786088136,1.1,1.1,-1.2429189520062343
188,54.69217775902528,34.720830152562144,1.1,1.1,-1.2440637915843367
189,54.81683160488451,34.35298744461693,1.1,1.1,-1.2451710817401143
190,54.941142637596144,33.98481569205763,1.1,1.1,-1.2462619897942586
191,55.065105956495714,33.61634803271059,1.1,1.1,-1.2473370005547173
192,55.188716505342086,33.247617837767194,1.1,1.1,-1.2483969099464236
193,55.31196907231752,32.87865832284216,1.1,1.1,-1.2494412398337937
194,55.43485875675753,32.509502703550176,1.1,1.1,-1.250470453327477
195,55.55738050242102,32.14018442887094,1.1,1.1,-1.251485131010254
196,55.67952925306688,31.77073655884252,1.1,1.1,-1.2524852791278343
197,55.80129995245398,31.401192464656248,1.1,1.1,-1.2530639653971893
198,55.922839075998006,31.031631801556784,1.1,1.1,-1.2518743763935103
199,56.04479421150331,30.66228723442376,1.1,1.1,-1.2486367512329284
200,56.16791656082295,30.293423165773294,1.1,1.1,-1.2433496980283267
201,56.2929571702333,29.92530415369824,1.1,1.1,-1.2359044149966194
202,56.42070450219506,29.55821404779591,1.1,1.1,-1.214974254599278
203,56.55588147485126,29.194483541855416,1.1,1.1,-1.1590894253104356
204,56.71055554661211,28.84026436997062,1.1,1.1,-1.0655344760195786
205,56.89759796264838,28.50212661184641,1.1,1.1,-0.9361427505716533
206,57.12988004591925,28.186640191611065,1.1,1.1,-0.7743827208966143
207,57.41689593926059,27.90587886852903,1.1,1.1,-0.5464569299153382
208,57.74824542142869,27.70433857566107,1.1,1.1,-0.18721961130179143
209,58.10618855378888,27.63653049289193,1.1,1.1,0.19873084618563447
210,58.47092976343413,27.709985385738364,1.1,1.1,0.45764111998779283
211,58.82049672676314,27.882152107049183,1.1,1.1,0.6265126884824243
212,59.13932407776235,28.11291521770073,1.1,1.1,0.7344301121090131
213,59.43233636191285,28.37748404529429,1.1,1.1,0.7912890216029388
214,59.70738599945465,28.65579348037712,1.1,1.1,0.8552908618293005
215,59.96027716593383,28.946758220241,1.1,1.1,0.95858887754611
216,60.18036344005852,29.26017780468517,1.1,1.1,1.0611679200985318
217,60.36815806919608,29.596202831906535,1.1,1.1,1.1379512658730981
218,60.53113557790439,29.948915321727373,1.1,1.1,1.189386162069877
219,60.67687363806008,30.31230768181976,1.1,1.1,1.2166742743614558
220,60.81294968817488,30.68037239764409,1.1,1.1,1.2235704454160474
221,60.94595722223943,31.04791033093256,1.1,1.1,1.2275350532222657
222,61.07691091116303,31.41430609824728,1.1,1.1,1.2346985026272228
223,61.20486181517092,31.780557723796083,1.1,1.1,1.2450607048975117
224,61.32885866083847,32.14766525428315,1.1,1.1,1.258521799563794
225,61.447966510289405,32.51660610001024,1.1,1.1,1.273598330045285
226,61.5616537581117,32.88780700772741,1.1,1.1,1.2888058373019706
227,61.66980730008103,33.26112274663221,1.1,1.1,1.3040902196168513
228,61.7723336346309,33.636381326738395,1.1,1.1,1.3194666724388262
229,61.869139260194906,34.01341083584804,1.1,1.1,1.3349507103386897
230,61.96013051962988,34.39203943955155,1.1,1.1,1.350556848411642
231,62.04521391136937,34.7720950700744,1.1,1.1,1.366300285796965
232,62.12429593384695,35.153405970795305,1.1,1.1,1.3821961348998528
233,62.19728300770775,35.53580022951635,1.1,1.1,1.3982576450027746
234,62.264082331480274,35.91910640076957,1.1,1.1,1.4143737809968502
235,62.32465788917012,36.30319870083371,1.1,1.1,1.4303256868442067
236,62.37907401172193,36.68803170132703,1.1,1.1,1.4460865861732621
237,62.42740490919762,37.07356759712368,1.1,1.1,1.4616519837742
238,62.469724791659054,37.4597690498277,1.1,1.1,1.4770171988614973
239,62.50610802474483,37.84659833210157,1.1,1.1,1.4921792009268933
240,62.536628740728496,38.23401787218438,1.1,1.1,1.5071344101283395
241,62.561361227460296,38.62199025389187,1.1,1.1,1.521880029404195
242,62.58037977279047,39.01047782767485,1.1,1.1,1.536415157567797
243,62.59375812005097,39.39944294398404,1.1,1.1,1.5532000842970264
244,62.600608159937,39.78869268777384,1.1,1.1,1.5798268404988116
245,62.59709640601177,40.17755854618056,1.1,1.1,1.6178299361874902
246,62.57884345337475,40.5653555152155,1.1,1.1,1.6666797628322227
247,62.54163830884863,40.95219039824877,1.1,1.1,1.725679862312152
248,62.48131027360845,41.33857659822432,1.1,1.1,1.8099754379914736
249,62.38854925199488,41.71898352082216,1.1,1.1,1.9514400307594604
250,62.2451304507445,42.077387782372064,1.1,1.1,2.140581866789878
251,62.0380074453789,42.40068103888906,1.1,1.1,2.271059018350279
252,61.78771503125623,42.69768028584128,1.1,1.1,2.319690643011485
253,61.52259802933749,42.98289545725074,1.1,1.1,2.3457510326162176
254,61.2505210726297,43.26071544819363,1.1,1.1,2.3685423972293806
255,60.97237055909453,43.53208025278744,1.1,1.1,2.388042653941915
256,60.68902713035753,43.79792706476988,1.1,1.1,2.404233736509968
257,60.401371350256,44.05919276672546,1.1,1.1,2.4171091653083034
258,60.11028370483887,44.31681455239187,1.1,1.1,2.4266705542547022
259,59.81664483573171,44.571729382141946,1.1,1.1,2.432922086399363
260,59.521335306771846,44.82487452750176,1.1,1.1,2.4358692417328855
261,59.22523568179648,45.077186871055744,1.1,1.1,2.4357108524862974
262,58.92917409531199,45.32954775452445,1.1,1.1,2.4344901366032
263,58.633434319127375,45.58225829651333,1.1,1.1,2.4334184308445796
264,58.33797722571526,45.8352756356554,1.1,1.1,2.4325124301185865
265,58.04275917582539,46.088552243284205,1.1,1.1,2.4317716250093655
266,57.74773676357253,46.34204066852156,1.1,1.1,2.4311961928798524
267,57.45286658307137,46.595693382700986,1.1,1.1,2.430785980710729
268,57.15810515064837,46.84946301273267,1.1,1.1,2.430541154575431
269,56.8634089826299,47.10330210773845,1.1,1.1,2.4304617445243637
270,56.56873467313071,47.35716313905181,1.1,1.1,2.4305441763096933
271,56.27403959414878,47.61099974483118,1.1,1.1,2.4307052933623523
272,55.97930313177806,47.86478928867402,1.1,1.1,2.430862136908332
273,55.684526297266736,48.11853309298184,1.1,1.1,2.4310111918263466
274,55.38971111311125,48.37223341361607,1.1,1.1,2.431152024565736
275,55.094859679596375,48.62589266201479,1.1,1.1,2.4312850688558947
276,54.7999740192186,48.87951309403941,1.1,1.1,2.4314103035404173
277,54.50505607668599,49.13309704333968,1.1,1.1,2.431527598237319
278,54.21010787449503,49.38664684356535,1.1,1.1,2.4316368439569525
279,53.91513159071878,49.64016475057782,1.1,1.1,2.431738258871582
280,53.62012909227708,49.89365317581516,1.1,1.1,2.431831907015312
281,53.32510247945464,50.147114297350505,1.1,1.1,2.4319173120126947
282,53.030053774748,50.40055060441022,1.1,1.1,2.431994929003671
283,52.73498500065351,50.65396435285571,1.1,1.1,2.432064758057149
284,52.43989817966767,50.90735779854843,1.1,1.1,2.4321264957607474
285,52.14479533428689,51.16073335292643,1.1,1.1,2.4321805973600608
286,51.84967848700767,51.41409319406282,1.1,1.1,2.432226325659636
287,51.55454973811472,51.66743981118398,1.1,1.1,2.4322646784765336
288,51.25941095452787,51.92077538236302,1.1,1.1,2.4322945492797983
289,50.96426439210854,52.17410231903797,1.1,1.1,2.4323170231567985
290,50.66911183998819,52.42742287707031,1.1,1.1,2.432331015084945
291,50.37395555402828,52.680739467898086,1.1,1.1,2.4323377618814943
292,50.078797323360206,52.934054269594384,1.1,1.1,2.432336026775741
293,49.78363940384546,53.18736969359728,1.1,1.1,2.432326764554226
294,49.48848366240381,53.4406879957682,1.1,1.1,2.4323092809547817
295,49.19333219932,53.694011587545205,1.1,1.1,2.432284009756705
296,48.89818703709052,53.9473427247897,1.1,1.1,2.4322507992030307
297,48.60305019821181,54.20068374115148,1.1,1.1,2.432209779565547
298,48.30792362739195,54.45403697028024,1.1,1.1,2.432160711782253
299,48.012809502704094,54.70740466803745,1.1,1.1,2.432103834902596
300,47.7177097688563,54.96078916807278,1.1,1.1,2.4320390186538052
301,47.422626448345085,55.21419280403608,1.1,1.1,2.4319659810108556
302,47.12756164145517,55.46761798736531,1.1,1.1,2.4318855680262987
303,46.83251721510637,55.721066896133664,1.1,1.1,2.4317968246643
304,46.53749542516009,55.9745418639908,1.1,1.1,2.431700381175425
305,46.24249806074784,56.22804530237486,1.1,1.1,2.431595889251367
306,45.94752729994266,56.48157946714722,1.1,1.1,2.4314836094952716
307,45.65258516524103,56.73514661416933,1.1,1.1,2.43136421506592
308,45.35767336798608,56.98874892151426,1.1,1.1,2.431249093541101
309,45.06279089692962,57.2423850667805,1.1,1.1,2.431144037217904
310,44.767935185056885,57.4960520940117,1.1,1.1,2.4310490672763407
311,44.47310374314151,57.74974696946322,1.1,1.1,2.4309644234564214
312,44.178293848592126,58.00346673717865,1.1,1.1,2.4308899964935
313,43.883502934394,58.257208363413376,1.1,1.1,2.4308258074678846
314,43.58872851132073,58.5109687366344,1.1,1.1,2.430772075156738
315,43.29396777899265,58.76474490088536,1.1,1.1,2.430728147180537
316,42.99921832597166,59.018533900209945,1.1,1.1,2.4306948486123106
317,42.7044774296664,59.27233262307511,1.1,1.1,2.4306714848717994
318,42.40974260085049,59.52613811352455,1.1,1.1,2.4306586200645675
319,42.11501119472088,59.77994726002524,1.1,1.1,2.4306557995690383
320,41.820280566474494,60.03375718440919,1.1,1.1,2.4306632170259803
321,41.52554822688499,60.28756477514338,1.1,1.1,2.4306809819145765
322,41.23081153114927,60.54136699848317,1.1,1.1,2.4307090942474097
323,40.93606783446434,60.79516082068388,1.1,1.1,2.430747120427789
324,40.64131456981541,61.0489433635775,1.1,1.1,2.4307955362151854
325,40.34654924797616,61.30271143784267,1.1,1.1,2.430854408890788
326,40.05176906856688,61.55646208752308,1.1,1.1,2.430923086053537
327,39.75697162014946,61.81019235666238,1.1,1.1,2.431002392763602
328,39.46215418013255,62.06389913372757,1.1,1.1,2.431091634491082
329,39.167314259289775,62.31757946276234,1.1,1.1,2.431191354166815
330,38.87244913502975,62.57123031002195,1.1,1.1,2.4313013121409903
331,38.57755631812608,62.82484856397349,1.1,1.1,2.4314211840033413
332,38.28263324156403,63.07843134644889,1.1,1.1,2.431551533764597
333,37.98767718275226,63.331975623703485,1.1,1.1,2.431692121977427
334,37.69268565246435,63.58547828420427,1.1,1.1,2.4318430577557906
335,37.39765600589725,63.83893629420663,1.1,1.1,2.43200403763006
336,37.10258559824795,64.0923467755425,1.1,1.1,2.43217525611612
337,36.80747194029003,64.34570661667887,1.1,1.1,2.43235682212761
338,36.51231238722046,64.59901278387109,1.1,1.1,2.4325484536082644
339,36.217104372024494,64.85226232116285,1.1,1.1,2.4327504325244305
340,35.92184524989912,65.10545219480944,1.1,1.1,2.432962780504441
341,35.62653245382959,65.3585792932779,1.1,1.1,2.4331851721565254
342,35.331163339012875,65.61164073840015,1.1,1.1,2.4334179546751136
343,35.03573541622258,65.86463334085494,1.1,1.1,2.433660758834393
344,34.74024596286733,66.11755430026253,1.1,1.1,2.43391438790515
345,34.444692411932394,66.37040027172498,1.1,1.1,2.4341810320035338
346,34.1490713407315,66.62316752140268,1.1,1.1,2.43446103903008
347,33.85337948215499,66.87585200430273,1.1,1.1,2.434754928783399
348,33.55761325793993,67.12844967543228,1.1,1.1,2.435062463595848
349,33.261769323188354,67.38095641201004,1.1,1.1,2.435383598970624
350,32.96584417742562,67.63336824683152,1.1,1.1,2.4357182273369125
351,32.66983447575378,67.88568113490378,1.1,1.1,2.436066608175894
352,32.37373671769824,68.13789103123396,1.1,1.1,2.4364288935658376
353,32.077547402784326,68.3899938130408,1.1,1.1,2.436804519570855
354,31.78126318611412,68.64198551311978,1.1,1.1,2.4371940499360742
355,31.48488056721297,68.89386200868967,1.1,1.1,2.43759676827306
356,31.18839620118292,69.14561941033422,1.1,1.1,2.4380135430875414
357,30.891806587549357,69.39725351748386,1.1,1.1,2.438443939909765
358,30.595108303625985,69.64876028514573,1.1,1.1,2.4388879351832973
359,30.298297848938176,69.90013574611527,1.1,1.1,2.439345422604966
360,30.00137187858796,70.15137585539956,1.1,1.1,2.439816660342223
361,29.70432689210075,70.40247656800572,1.1,1.1,2.440301671633989
362,29.40715946679022,70.65343376115258,1.1,1.1,2.440793492019706
363,29.10986789131324,70.90424541234361,1.1,1.1,2.4411515125992693
364,28.81248584801445,71.15495119362456,1.1,1.1,2.441240834533823
365,28.51508109052481,71.40563068245167,1.1,1.1,2.4410569260692005
366,28.217722539300134,71.65636477868284,1.1,1.1,2.4405989168939377
367,27.920479270372887,71.9072346933292,1.1,1.1,2.4398676737926284
368,27.623420204198855,72.15832132624857,1.1,1.1,2.4388625828570603
369,27.3266142612339,72.40970588845211,1.1,1.1,2.4375837124143036
370,27.030130595298772,72.66146935758599,1.1,1.1,2.436031428320033
371,26.73403804906098,72.91369278908468,1.1,1.1,2.4342148506223027
372,26.438403287114912,73.166454438003,1.1,1.1,2.4327445148683218
373,26.143139808843337,73.41965107923386,1.1,1.1,2.4326024505021526
374,25.84791468021592,73.67288762587536,1.1,1.1,2.433875565419038
375,25.55237326425966,73.92574308751342,1.1,1.1,2.43656480013646
376,25.256160612848305,74.17779631815735,1.1,1.1,2.440670173930006
377,24.95892193343221,74.42862609402809,1.1,1.1,2.4461914858691927
378,24.660302355673444,74.6778113469232,1.1,1.1,2.4531284631580115
379,24.35994700923404,74.92493093085204,1.1,1.1,2.4614799497585382
380,24.057501023776037,75.16956369982387,1.1,1.1,2.471258205882143
381,23.75260688415845,75.41128337381845,1.1,1.1,2.4939293969226326
382,23.442741759429847,75.6457037025627,1.1,1.1,2.561942410935771
383,23.11935616817125,75.85741411880952,1.1,1.1,2.675413023177825
384,22.77412481491592,76.03112384933198,1.1,1.1,2.775417891715872
385,22.410594302758604,76.17052651715885,1.1,1.1,2.831696386025202
386,22.038741762244182,76.28959858398035,1.1,1.1,2.865834363434803
387,21.664317228557017,76.39554853828344,1.1,1.1,2.9097464189316096
388,21.28632773373043,76.48478870473775,1.1,1.1,2.9637780668172575
389,20.903655148383084,76.55355980696852,1.1,1.1,3.016969120007283
390,20.51748590004554,76.60193628840254,1.1,1.1,3.06738778181601
391,20.129603052699935,76.63077203148171,1.1,1.1,3.1206261188870736
392,19.741218003929124,76.63891631351655,1.1,1.1,-3.1046978510904086
393,19.353365416241896,76.62460007242336,1.1,1.1,-3.0421353699315645
394,18.967080185512,76.58605401275356,1.1,1.1,-2.9749259992118335
395,18.58339884116804,76.5215083723285,1.1,1.1,-2.901749983228401
396,18.20445846185852,76.42883851863164,1.1,1.1,-2.8177536869190405
397,17.83538389800104,76.3049566441082,1.1,1.1,-2.7205467281898166
398,17.48180220143835,76.14661298591102,1.1,1.1,-2.608775950255665
399,17.14934011285996,75.950557781193,1.1,1.1,-2.483528949742778
400,16.843492055014774,75.71413510317886,1.1,1.1,-2.3579384140524415
401,16.568534674426243,75.44013506350421,1.1,1.1,-2.237019313609638
402,16.328090340017514,75.13427479289203,1.1,1.1,-2.1181194167880943
403,16.125775275434076,74.80229950365054,1.1,1.1,-1.9983945100787033
404,15.965205548744748,74.44995440808793,1.1,1.1,-1.879269456095702
405,15.848176125545404,74.08268204414051,1.1,1.1,-1.7803806337649635
406,15.767727284411963,73.70446929682161,1.1,1.1,-1.7085459494435469
407,15.714272081037,73.31886626970064,1.1,1.1,-1.6630993032115287
408,15.678222871018114,72.92942298855861,1.1,1.1,-1.642505403941131
409,15.650220163109736,72.53958819877764,1.1,1.1,-1.634921649261274
410,15.625259678797798,72.15087651683076,1.1,1.1,-1.630060421981804
411,15.602249425578105,71.7630648458024,1.1,1.1,-1.6275866881921675
412,15.580236729836246,71.37586840263525,1.1,1.1,-1.6275198471465706
413,15.558268762381172,70.98900240427206,1.1,1.1,-1.6298664585892255
414,15.535392616233514,70.60218198986723,1.1,1.1,-1.634619799689706
415,15.510655539990534,70.21512253194011,1.1,1.1,-1.6417605725741147
416,15.483104704461187,69.82753901406853,1.1,1.1,-1.6512555559884032
417,15.451787358242752,69.43914680877184,1.1,1.1,-1.663112195355184
418,15.41573075833302,69.04967840200088,1.1,1.1,-1.6803626199558832
419,15.37284621042151,68.65984314548996,1.1,1.1,-1.7077790919829423
420,15.319359502774972,68.27182541318908,1.1,1.1,-1.7461184728719843
421,15.251356326887109,67.88793217344822,1.1,1.1,-1.7959028759483118
422,15.164922296463295,67.5104703946174,1.1,1.1,-1.857674023407914
423,15.05614318078555,67.14174712283491,1.1,1.1,-1.9317937637571203
424,14.921104749135887,66.78406924866243,1.1,1.1,-2.0181650541600034
425,14.75589261521971,66.43974381823827,1.1,1.1,-2.115901526847606
426,14.556592548319012,66.11107764433578,1.1,1.1,-2.22302781354566
427,14.319301752599568,65.8003783953998,1.1,1.1,-2.3274777577575194
428,14.045296034377216,65.51016571306056,1.1,1.1,-2.4085202740080676
429,13.749160393407458,65.24350570193018,1.1,1.1,-2.4724603029456085
430,13.44557939850162,65.00342082737056,1.1,1.1,-2.5480702673511715
431,13.13193632820016,64.79181550315062,1.1,1.1,-2.6444419990995867
432,12.796933672932273,64.61004021237807,1.1,1.1,-2.7474941763611924
433,12.436887844363127,64.46031371144248,1.1,1.1,-2.847896048078439
434,12.0593515443171,64.34613048526096,1.1,1.1,-2.9498554443963316
435,11.672769162186288,64.27108637693787,1.1,1.1,-3.058339058450486
436,11.28558508736279,64.23877722957766,1.1,1.1,3.1066979978752522
437,10.904498605959075,64.25208051110467,1.1,1.1,2.987257731872126
438,10.528280584654242,64.3106095357561,1.1,1.1,2.8750548758040386
439,10.153811011526985,64.41285256522691,1.1,1.1,2.7771958622103017
440,9.784310945532583,64.55379131910453,1.1,1.1,2.6922581212740178
441,9.428419713605194,64.72541437781298,1.1,1.1,2.612157000073659
442,9.092792184723796,64.92180990645222,1.1,1.1,2.529023739278228
443,8.778710232693562,65.14253085551937,1.1,1.1,2.4427501994876923
444,8.48663366430264,65.38796616663858,1.1,1.1,2.354477429684914
445,8.217022675280843,65.65850462585755,1.1,1.1,2.2657848771084135
446,7.970438663968591,65.95425490346602,1.1,1.1,2.179466650770328
447,7.748281820213109,66.27301457862261,1.1,1.1,2.0955573687662623
448,7.552364845348339,66.61144373181169,1.1,1.1,2.012760273809537
449,7.384503318876184,66.9661941979552,1.1,1.1,1.9297913381068204
450,7.246512742510265,67.33391812312837,1.1,1.1,1.8453919686399665
451,7.14020885132915,67.71126749782977,1.1,1.1,1.7583383632134482
452,7.067407147046448,68.09489439034634,1.1,1.1,1.667462571119503
453,7.029923364740736,68.48145079117666,1.1,1.1,1.5717036672017517
454,7.029573006125626,68.86758869081929,1.1,1.1,1.4709102466574626
455,7.067905303478772,69.25007170601899,1.1,1.1,1.3767004252882278
456,7.142095762724963,69.62749567972394,1.1,1.1,1.2993890582117775
457,7.245741549057725,69.9999554359021,1.1,1.1,1.2391672300670413
458,7.37233496900869,70.36758967113671,1.1,1.1,1.195396717791052
459,7.515368251321148,70.730537082011,1.1,1.1,1.1666847866722876
460,7.668672081739799,71.08901827621416,1.1,1.1,1.1470390267243116
461,7.828754231208975,71.44389934895509,1.1,1.1,1.1337948476135902
462,7.993393454112667,71.79635334817247,1.1,1.1,1.1269709954459728
463,8.160376594820649,72.14755511093645,1.1,1.1,1.1265206147824118
464,8.327511422762079,72.49866803943347,1.1,1.1,1.1297293693483808
465,8.493538622746012,72.85035753499425,1.1,1.1,1.1328797638552581
466,8.658475230415595,73.20260718428224,1.1,1.1,1.1357031499535866
467,8.822430693943874,73.55535133395131,1.1,1.1,1.138199769919896
468,8.985514461503929,73.90852425286691,1.1,1.1,1.1403703581977547
469,9.147835825692146,74.26206028768291,1.1,1.1,1.142214972400636
470,9.309504156893274,74.61589378505313,1.1,1.1,1.143733350035443
471,9.4706289810687,74.96995901384305,1.1,1.1,1.1449262439616739
472,9.631319590814837,75.32419032070655,1.1,1.1,1.1457935308621334
473,9.7916853565164,75.6785220522974,1.1,1.1,1.1463205462412602
474,9.95184474979215,76.03289485612376,1.1,1.1,1.1464736100678208
475,10.111937245108534,76.38726415947552,1.1,1.1,1.1462476468118814
476,10.27210535067667,76.74158741213897,1.1,1.1,1.145643106627436
477,10.432491419131011,77.09582214168874,1.1,1.1,1.144659729166031
478,10.59323803647104,77.44992603127614,1.1,1.1,1.1432976081214337
479,10.754487710907842,77.8038564528991,1.1,1.1,1.1415575397899975
480,10.91638287286423,78.15757101192062,1.1,1.1,1.1394399373712687
481,11.079065952762996,78.51102723591534,1.1,1.1,1.136945070987362
482,11.242679536603577,78.86418265245786,1.1,1.1,1.1334746453866442
483,11.407559981102612,79.2168585039777,1.1,1.1,1.1265093341402692
484,11.574857931161246,79.56830389977512,1.1,1.1,1.1153747730496615
485,11.745937716208974,79.9176178954717,1.1,1.1,1.100046533069011
486,11.922163665675276,80.26389939111249,1.1,1.1,1.0804963461569095
487,12.104899953412998,80.60624736453069,1.1,1.1,1.056698780151667
488,12.295510986639966,80.94376094913633,1.1,1.1,1.0286431205927382
489,12.495360939208998,81.27553904497434,1.1,1.1,0.9963450730424601
490,12.705814218337942,81.60068062987804,1.1,1.1,0.9598633755520432
491,12.928235075667953,81.91828475946906,1.1,1.1,0.9203759933674432
492,13.163625891552991,82.22765623948814,1.1,1.1,0.8861277188864161
493,13.41020476883581,82.52968364597015,1.1,1.1,0.8607796371567413
494,13.6648976684951,82.82599057683122,1.1,1.1,0.844191924120953
495,13.924623550560309,83.1182045194038,1.1,1.1,0.8362601376751032
496,14.18630137506091,83.40795319438537,1.1,1.1,0.8345749935704704
497,14.447670768853497,83.69638172370593,1.1,1.1,0.8292370486826698
498,14.70986876388234,83.9826387919384,1.1,1.1,0.8176557085121583
499,14.974911089009222,84.26535664696695,1.1,1.1,0.7998364385923045
500,15.244813395307574,84.54316753667584,1.1,1.1,0.7764257429591856
501,15.521419577229569,84.8148540737812,1.1,1.1,0.7566632429202689
502,15.803893254706438,85.08154325553343,1.1,1.1,0.7477639956976285
503,16.089277615722448,85.34621686400055,1.1,1.1,0.749857892915345
504,16.374557973748125,85.61190732145003,1.1,1.1,0.7628945596721262
505,16.656719486677392,85.88164697236115,1.1,1.1,0.7834359379249913
506,16.933592249188635,86.15743528783571,1.1,1.1,0.7856065137613554
507,17.209442950899714,86.4334009606909,1.1,1.1,0.7573268184006192
508,17.491499916320382,86.70005093712739,1.1,1.1,0.6978572585843223
509,17.787007260990347,86.94787287184127,1.1,1.1,0.6075070049244777
510,18.103033298835165,87.16757876105747,1.1,1.1,0.5171830673309835
511,18.43950996507059,87.35897592309534,1.1,1.1,0.46648891468922665
512,18.786919235844987,87.53391618712855,1.1,1.1,0.4493854607536826
513,19.13699345684032,87.70275605736232,1.1,1.1,0.43502975819810913
514,19.48917597480397,87.86642331514703,1.1,1.1,0.4158399726903047
515,19.844807782668003,88.02346751937765,1.1,1.1,0.39325804668978676
516,20.204352810001787,88.17263145514796,1.1,1.1,0.3682996491631231
517,20.567592082670878,88.31280850574868,1.1,1.1,0.34090484566837753
518,20.934288579649465,88.44289602167508,1.1,1.1,0.3109899352637524
519,21.304205202123423,88.56179438716723,1.1,1.1,0.28012576183689153
520,21.67708019237964,88.66906697635766,1.1,1.1,0.2520367710470681
521,22.05259632962938,88.76576712095316,1.1,1.1,0.22728106570917259
522,22.430428925404748,88.85315118018835,1.1,1.1,0.20588569959050684
523,22.810253291237817,88.9324755910861,1.1,1.1,0.18785748001659627
524,23.19174466087236,89.00499671288108,1.1,1.1,0.1731908573658794
525,23.574578345840468,89.07197098259618,1.1,1.1,0.1618734004418082
526,23.958429657674227,89.13465475946606,1.1,1.1,0.1538915248141572
527,24.342973830117387,89.19430448051354,1.1,1.1,0.14923341004621926
528,24.72788609691373,89.25217650497336,1.1,1.1,0.14734476107496708
529,25.112895832481104,89.30931980840595,1.1,1.1,0.14603501558994633
530,25.49794842941548,89.36595414282912,1.1,1.1,0.1447563126874993
531,25.88304334319855,89.42209172100976,1.1,1.1,0.14350912875720329
532,26.268179873735427,89.47774491129161,1.1,1.1,0.14229283462239414
533,26.653357476507825,89.53292584865335,1.1,1.1,0.14110787536977132
534,27.038575529209144,89.58764682365022,1.1,1.1,0.1399544127829269
535,27.42383356510943,89.64192020462595,1.1,1.1,0.13883215380552236
536,27.809130884113767,89.69575820434747,1.1,1.1,0.13774123084773254
537,28.19446701949219,89.74917311337018,1.1,1.1,0.136681770665351
538,28.57984119336148,89.80217722224936,1.1,1.1,0.13565345420823954
539,28.965253016779997,89.85478274375203,1.1,1.1,0.1346568015254994
540,29.3507017896528,89.90700204622182,1.1,1.1,0.13369117790709992
541,29.73618696746164,89.95884726463746,1.1,1.1,0.13275741600020322
542,30.12170792789991,90.01033084513085,1.1,1.1,0.13185490688913262
543,30.507264126449336,90.06146500046904,1.1,1.1,0.13098346390035964
544,30.892855018591643,90.11226186563069,1.1,1.1,0.1301441412985713
545,31.278479904231908,90.16273396453612,1.1,1.1,0.12933570677710313
546,31.664138238851866,90.21289335437564,1.1,1.1,0.12855898861865234
547,32.049829400144894,90.26275240349294,1.1,1.1,0.12781374569421095
548,32.435552921381074,90.31232340244333,1.1,1.1,0.12709986400595955
549,32.82130810246545,90.3616185639938,1.1,1.1,0.1264176710961604
550,33.207094476668104,90.41065025648804,1.1,1.1,0.12576685234863438
551,33.59291134389409,90.45943069269296,1.1,1.1,0.12514738789941038
552,33.978758081836816,90.5079720853757,1.1,1.1,0.12455982837417713
553,34.36463422376633,90.55628688066813,1.1,1.1,0.12400323590199107
554,34.750539147376045,90.60438713576065,1.1,1.1,0.12347858199743722
555,35.13647230814768,90.65228529678518,1.1,1.1,0.12298532376441214
556,35.522433005986315,90.69999357650876,1.1,1.1,0.12252361317562166
557,35.90842069637366,90.74752426548676,1.1,1.1,0.12209345263671505
558,36.294434834791474,90.79488965427446,1.1,1.1,0.12169466975667138
559,36.680474798933126,90.8421019556388,1.1,1.1,0.12132743996434388
560,37.06654004428033,90.88917346013524,1.1,1.1,0.12099178823392574
561,37.45262994852654,90.93611645831898,1.1,1.1,0.12068771471004512
562,37.83874388936512,90.9829432407454,1.1,1.1,0.12041517102764823
563,38.22488140006613,91.0296660979698,1.1,1.1,0.12017403009189731
564,38.61104178053464,91.07629724275928,1.1,1.1,0.1199644412082769
565,38.99722448625237,91.12284896566904,1.1,1.1,0.11977645185907156
566,39.38342905048941,91.16932966783826,1.1,1.1,0.11953661626930523
567,39.76965625112896,91.2157191243024,1.1,1.1,0.11921322487287093
568,40.15590733278424,91.26198474175337,1.1,1.1,0.11880605466945769
569,40.54218361785678,91.30809384909476,1.1,1.1,0.11831537127762497
570,40.92848619538311,91.35401385301846,1.1,1.1,0.1177404771805433
571,41.314816465553086,91.39971192685135,1.1,1.1,0.11708205188590151
572,41.70117551740327,91.44515547728538,1.1,1.1,0.1163399652350803
573,42.08756482891179,91.49031191101236,1.1,1.1,0.1155137449528737
574,42.47398541132693,91.53514840135928,1.1,1.1,0.11460385216604874
575,42.86043866483849,91.57963235501796,1.1,1.1,0.1136101360563256
576,43.24692575627137,91.623731100892,1.1,1.1,0.1125325274478333
577,43.633448008027045,91.66741196788496,1.1,1.1,0.1113710234729231
578,44.02000666471878,91.71064228490042,1.1,1.1,0.11012561849057824
579,44.40660289317141,91.75338938084194,1.1,1.1,0.10879623901348066
580,44.79323801578648,91.79562058461303,1.1,1.1,0.10738267776217514
581,45.17991327717715,91.83730314732904,1.1,1.1,0.1058853006697054
582,45.56662992195665,91.87840447568176,1.1,1.1,0.1043038971910836
583,45.95338911694983,91.91889189857476,1.1,1.1,0.10264217320010924
584,46.34019218455822,91.95873422288985,1.1,1.1,0.10104850992414195
585,46.72703842468691,91.99795805223404,1.1,1.1,0.09970828751688435
586,47.11392480359122,92.03666217777996,1.1,1.1,0.0986342079735539
587,47.50084805416149,92.0749502913646,1.1,1.1,0.09782586499869562
588,47.88780522044142,92.1129259292483,1.1,1.1,0.09728339559018132
589,48.27479295753302,92.1506926276915,1.1,1.1,0.09700734699163434
590,48.66180815390328,92.18835415631943,1.1,1.1,0.09699672282065015
591,49.04884762023088,92.22601389581598,1.1,1.1,0.09725227084334666
592,49.435908167194526,92.26377553801804,1.1,1.1,0.0977736954736656
593,49.822986683261206,92.30174269697436,1.1,1.1,0.09856051216236672
594,50.210079979109615,92.34001883115695,1.1,1.1,0.09961336138830919
595,50.59718494320673,92.37870771019118,1.1,1.1,0.10093133964543353
596,50.98429823065462,92.41791279254907,1.1,1.1,0.10251456398020202
597,51.3714168077086,92.45773769227942,1.1,1.1,0.10436261718714468
598,51.75853756283568,92.49828594564246,1.1,1.1,0.10647568230053725
599,52.14565715113787,92.5396612444753,1.1,1.1,0.10885295729778281
600,52.53277253887053,92.58196712503828,1.1,1.1,0.11149433648197968
601,52.91988045892401,92.6253072013801,1.1,1.1,0.11439933231596298
602,53.30697787755363,92.66978508754949,1.1,1.1,0.11465504486074281
603,53.694032512604586,92.71435834220507,1.1,1.1,0.10109844230975944
604,54.08090185586575,92.75360403006856,1.1,1.1,0.07089527075279002
605,54.46741671773059,92.78105210722076,1.1,1.1,0.023780333712543213
606,54.8534080641692,92.79023284089584,1.1,1.1,-0.040299886782212795
607,55.23870623884511,92.77469695665742,1.1,1.1,-0.11170810912477955
608,55.62306309700205,92.7315816885744,1.1,1.1,-0.1704475607903218
609,56.006062937832034,92.66566067277776,1.1,1.1,-0.2143188965961275
610,56.387268435372754,92.58268682261972,1.1,1.1,-0.24381254171520597
611,56.76624241923862,92.48841274029957,1.1,1.1,-0.26093325334870515
612,57.142577667549006,92.38792329303584,1.1,1.1,-0.2772043048166993
613,57.51607550892227,92.2816519951628,1.1,1.1,-0.29746687906678443
614,57.88662618403205,92.168054904009,1.1,1.1,-0.32169263969181594
615,58.254120011340326,92.04558060922368,1.1,1.1,-0.34978897329489056
616,58.61844738709737,91.9126778560327,1.1,1.1,-0.3812540877219425
617,58.979306103661145,91.76802128695734,1.1,1.1,-0.41470959593421297
618,59.33566881062546,91.61113545975611,1.1,1.1,-0.4499960570759202
619,59.68633772336425,91.44174477039417,1.1,1.1,-0.48728854977112324
620,60.030115212828186,91.2595735370481,1.1,1.1,-0.5267154464075875
621,60.36583764346588,91.0643464668364,1.1,1.1,-0.5677711295368979
622,60.69280709842682,90.85579604570988,1.1,1.1,-0.6099587649428737
623,61.01066302882534,90.63366004922544,1.1,1.1,-0.6531675133051583
624,61.3190521978783,90.39767617515176,1.1,1.1,-0.6972746450875414
625,61.61762152437922,90.14758251019906,1.1,1.1,-0.7456461362556188
626,61.90468097918249,89.88248402190163,1.1,1.1,-0.822832133958206
627,62.16940336092927,89.59716165818051,1.1,1.1,-0.9398430180203684
628,62.39756593009288,89.28485654706645,1.1,1.1,-1.053836842404776
629,62.58919031182762,88.94780510289874,1.1,1.1,-1.1123150260381838
630,62.76135508843032,88.59898179595524,1.1,1.1,-1.1374594763583146
631,62.92457988622332,88.24618988425475,1.1,1.1,-1.1586391089600743
632,63.080216977445765,87.89020250595783,1.1,1.1,-1.1775671714152007
633,63.22907186020143,87.53137313121266,1.1,1.1,-1.194230085699497
634,63.37195003259415,87.17005561910894,1.1,1.1,-1.208622811905619
635,63.509657070516,86.80660351758304,1.1,1.1,-1.2207457020907606
636,63.64299847207077,86.44137053014812,1.1,1.1,-1.2306024573339385
637,63.77277973536231,86.07471020474058,1.1,1.1,-1.2381975607782398
638,63.89980643628267,85.70697640045017,1.1,1.1,-1.2435412663576473
639,64.02488228380422,85.33852188733002,1.1,1.1,-1.2473504375601905
640,64.14855444100384,84.96959146523848,1.1,1.1,-1.2510920084600734
641,64.27084313284611,84.6002076150014,1.1,1.1,-1.2549457060453004
642,64.39170401998578,84.23036566931928,1.1,1.1,-1.258911392119889
643,64.51109284086606,83.86006111646932,1.1,1.1,-1.2629896737899402
644,64.62896525614178,83.48928913357535,1.1,1.1,-1.2671802809607808
645,64.7452770042561,83.11804520891454,1.1,1.1,-1.2714839927568085
646,64.8599836680755,82.74632451961071,1.1,1.1,-1.2759003378788967
647,64.97304098604319,82.37412255394109,1.1,1.1,-1.28042987860989
648,65.08440461881399,82.00143448902946,1.1,1.1,-1.2850723172720275
649,65.19403030483103,81.62825581315306,1.1,1.1,-1.2898283199298113
650,65.30187362696087,81.25458178122403,1.1,1.1,-1.2946974855929336
651,65.40789032364664,80.8804078037312,1.1,1.1,-1.2996800004891929
652,65.51203613333152,80.50572913558676,1.1,1.1,-1.3047761991037323
653,65.61426663888204,80.13054118727955,1.1,1.1,-1.3099857860474151
654,65.71453757874131,79.75483929151002,1.1,1.1,-1.3153090167977826
655,65.81280461356421,79.37861870319048,1.1,1.1,-1.3207457757482235
656,65.90902340400552,79.00187483280968,1.1,1.1,-1.3262960733316556
657,66.00314961072019,78.62460301306811,1.1,1.1,-1.3319492207384127
658,66.09514278377918,78.24680005464452,1.1,1.1,-1.3376372643314713
659,66.18498736551759,77.86847218060484,1.1,1.1,-1.3433324874929227
660,66.27267791075266,77.48962981458465,1.1,1.1,-1.3490348504840457
661,66.35820912987833,77.11028299127781,1.1,1.1,-1.3547442067538449
662,66.44157573328845,76.73044221210819,1.1,1.1,-1.3604611317098734
663,66.52277235358862,76.35011751176972,1.1,1.1,-1.3661854156898
664,66.6017937011728,75.96931915832123,1.1,1.1,-1.371917291498553
665,66.67863440864652,75.5880575753983,1.1,1.1,-1.3776566799558805
666,66.75328926419206,75.20634279769477,1.1,1.1,-1.3834051528220666
667,66.8257523558967,74.82418548221123,1.1,1.1,-1.3891728775524927
668,66.89601326012493,74.44159924190443,1.1,1.1,-1.394967888672193
669,66.96405805276657,74.05860017895773,1.1,1.1,-1.4007912044188249
670,67.02987257634653,73.67520439555429,1.1,1.1,-1.4066429535065426
671,67.09344282896636,73.29142776051236,1.1,1.1,-1.4125232223550588
672,67.15475488651586,72.9072864538036,1.1,1.1,-1.4184332514099018
673,67.2137945137316,72.52279657761116,1.1,1.1,-1.4243727219037945
674,67.27054778650341,72.13797407854169,1.1,1.1,-1.4303423746603436
675,67.32500062514457,71.75283505877843,1.1,1.1,-1.4363378844807577
676,67.37714081688799,71.36739554271625,1.1,1.1,-1.442220900762725
677,67.42701044521748,70.98167241042172,1.1,1.1,-1.4478275752040026
678,67.47471576898472,70.59568308647955,1.1,1.1,-1.4531477077107933
679,67.52036693645773,70.20944522883948,1.1,1.1,-1.4581821668350012
680,67.56407370696287,69.82297649545129,1.1,1.1,-1.4629303258723019
681,67.60594607319148,69.43629446647634,1.1,1.1,-1.4673919898868637
682,67.6460941056232,69.0494167220761,1.1,1.1,-1.4715675888793276
683,67.68462771916106,68.66236092020029,1.1,1.1,-1.4754572525928351
684,67.72165682870803,68.27514456322196,1.1,1.1,-1.4790608407131627
685,67.75729142695546,67.88778538687922,1.1,1.1,-1.4823785256692208
686,67.7916415065947,67.50030097133349,1.1,1.1,-1.4854106649724128
687,67.82481698252876,67.11270881895786,1.1,1.1,-1.48815714983057
688,67.85692784744896,66.72502666549035,1.1,1.1,-1.4906183490970335
689,67.88808401625832,66.33727209109242,1.1,1.1,-1.492793984553526
690,67.91839555943648,65.94946267592549,1.1,1.1,-1.4946847396568053
691,67.94797231409815,65.56161607793926,1.1,1.1,-1.4962901224845888
692,67.97692435072295,65.17374979950685,1.1,1.1,-1.4976107468686035
693,68.0053615064256,64.78588149857801,1.1,1.1,-1.4986460271530324
694,68.03339385168574,64.39802883310246,1.1,1.1,-1.4994401985590193
695,68.06111457691655,64.01020424921215,1.1,1.1,-1.5001490114309628
696,68.08855744225102,63.62240191278278,1.1,1.1,-1.5008062422062085
697,68.11574329496018,63.234612022485365,1.1,1.1,-1.501412006916934
698,68.14269290452677,62.846824854779335,1.1,1.1,-1.50196625915441
699,68.16942704043353,62.45903060833574,1.1,1.1,-1.5024689611684166
700,68.19596647216324,62.07121940403732,1.1,1.1,-1.5029198300030184
701,68.22233204698686,61.68338159613181,1.1,1.1,-1.50331928618014
702,68.24854445659892,61.295507227713614,1.1,1.1,-1.5036668520676277
703,68.27462454827037,60.907586653030464,1.1,1.1,-1.5039629521926525
704,68.30059301369567,60.51960999296509,1.1,1.1,-1.504207167612812
705,68.32647070014586,60.13156744618858,1.1,1.1,-1.504399487876001
706,68.35227845489204,59.743449289160296,1.1,1.1,-1.5045403503337136
707,68.37803696962857,59.355245642763045,1.1,1.1,-1.504629748896089
708,68.4037669360499,58.966946783456166,1.1,1.1,-1.5046669416675198
709,68.42948935700375,58.57854283212241,1.1,1.1,-1.5046529245046174
710,68.4552248463961,58.19002414300952,1.1,1.1,-1.5045871858986186
711,68.48099425149813,57.8013808370002,1.1,1.1,-1.5044701803595562
712,68.50681826400421,57.41260303497726,1.1,1.1,-1.504137452172458
713,68.53278089530515,57.023695093086815,1.1,1.1,-1.5015277958187787
714,68.55975967549355,56.63483716908925,1.1,1.1,-1.4952285892463315
715,68.58917431928624,56.24632968149513,1.1,1.1,-1.4851990960888108
716,68.62245488724714,55.85847546025308,1.1,1.1,-1.4714173629674931
717,68.66103151772863,55.47157717973508,1.1,1.1,-1.4538577538770268
718,68.706334349083,55.08593759210139,1.1,1.1,-1.432496747364174
719,68.7597934418742,54.701859605089055,1.1,1.1,-1.407319896794457
720,68.82283901224292,54.31964581528166,1.1,1.1,-1.378332019526699
721,68.89690119854144,53.93959905262784,1.1,1.1,-1.3456486576994753
722,68.98337832369721,53.56202043573309,1.1,1.1,-1.3117253111137677
723,69.08272529383397,53.18716448799632,1.1,1.1,-1.2793119597652807
724,69.19431622408999,52.81523198108396,1.1,1.1,-1.2485271344370463
725,69.31746587711163,52.44642073070608,1.1,1.1,-1.2193284946211969
726,69.451489171122,52.08092870814943,1.1,1.1,-1.1916678442797508
727,69.59570094655592,51.71895365133575,1.1,1.1,-1.1654920140115477
728,69.74941596605969,51.36069353155178,1.1,1.1,-1.1407453250065436
729,69.91194899227983,51.00634616450763,1.1,1.1,-1.117370218589302
730,70.0826150212277,50.65610944370169,1.1,1.1,-1.0953031723592397
731,70.26073192708269,50.31018141820904,1.1,1.1,-1.0735776747779553
732,70.44600955939319,49.9687795063976,1.1,1.1,-1.050415212745274
733,70.63891612608639,49.632158776184575,1.1,1.1,-1.025638879707287
734,70.84000688022505,49.30057865163329,1.1,1.1,-0.9992882917741013
735,71.04983707487197,48.97429847901879,1.1,1.1,-0.9718320517934479
736,71.2688229553534,48.65349522678016,1.1,1.1,-0.9553867540787242
737,71.49333064007406,48.33594617132316,1.1,1.1,-0.9635670432739474
738,71.71513712521443,48.01670949815863,1.1,1.1,-0.9971719563242771
739,71.92577196229355,47.690696761804965,1.1,1.1,-1.0563022965013504
740,72.11676501398384,47.352819672357306,1.1,1.1,-1.1357324514516174
741,72.28091868216381,46.9996220167544,1.1,1.1,-1.2191071913718912
742,72.41537199003398,46.63320820254831,1.1,1.1,-1.3041086972036724
743,72.51818684148074,46.25686626444199,1.1,1.1,-1.3919403870187366
744,72.5874253737555,45.87388400377343,1.1,1.1,-1.4836811448385587
745,72.62116683754114,45.4875441656395,1.1,1.1,-1.5752075976362603
746,72.61945961717572,45.10053340320377,1.1,1.1,-1.656959737932864
747,72.58610662828437,44.71440188220376,1.1,1.1,-1.7278288805510187
748,72.52533247700117,44.33057203994765,1.1,1.1,-1.788217999998795
749,72.44136192503694,43.95046639153195,1.1,1.1,-1.8382084102810248
750,72.33854761810848,43.57519606538872,1.1,1.1,-1.8749337732586846
751,72.22202693055362,43.20396380897662,1.1,1.1,-1.897147665152378
752,72.09723454368788,42.83524994958145,1.1,1.1,-1.9048720733043594
753,71.9696055277682,42.46753325872248,1.1,1.1,-1.8981186655676123
754,71.84457471968678,42.09929281907233,1.1,1.1,-1.8814494833814797
755,71.72583978746513,41.72945717424453,1.1,1.1,-1.8702465397865569
756,71.61129927950759,41.35845649367552,1.1,1.1,-1.8677502926556975
757,71.49764314701525,40.9870335002909,1.1,1.1,-1.8739571042315653
758,71.38156126340087,40.615931150381286,1.1,1.1,-1.8880459016616986
759,71.26004415395276,40.24583545918353,1.1,1.1,-1.900747780893737
760,71.13364543817889,39.87675646139152,1.1,1.1,-1.9060746147610719
761,71.00524981831789,39.5082621984374,1.1,1.1,-1.9039486611037912
762,70.8777822909606,39.13991308849744,1.1,1.1,-1.8943357235381524
763,70.75416793048633,38.77126947195959,1.1,1.1,-1.8778436968804075
764,70.63703909380781,38.40186524118141,1.1,1.1,-1.858656897382479
765,70.52725324162991,38.03107272216968,1.1,1.1,-1.8384453947283341
766,70.42500181102001,37.65820364382614,1.1,1.1,-1.8173226590269242
767,70.33047546116238,37.28256996841756,1.1,1.1,-1.7953691246200132
768,70.24388772100865,36.90350715028474,1.1,1.1,-1.771446244999581
769,70.16609177290579,36.52100461021552,1.1,1.1,-1.7441228795880723
770,70.09864369450408,36.13577053311927,1.1,1.1,-1.713176441616518
771,70.04313557944802,35.7485498977831,1.1,1.1,-1.6784360880724811
772,70.00115936580578,35.36008776078237,1.1,1.1,-1.6397229274648069
773,69.97430722501021,34.97112902311581,1.1,1.1,-1.596866339453865
774,69.96417125070599,34.58241889693545,1.1,1.1,-1.549721865567272
775,69.97234338096114,34.19470220545171,1.1,1.1,-1.4981935852710142
776,70.00041578720857,33.80872416081666,1.1,1.1,-1.442282916876998
777,70.04997301762545,33.42523028633558,1.1,1.1,-1.3840169878307602
778,70.12182282617698,33.04503658153613,1.1,1.1,-1.3270110540968059
779,70.21533310493548,32.669089263601755,1.1,1.1,-1.2715377987760281
780,70.32971546922862,32.29834870719102,1.1,1.1,-1.2174447071318797
781,70.46418161217237,31.93377520917415,1.1,1.1,-1.1645572530609145
782,70.61794314909443,31.576329144209705,1.1,1.1,-1.1126843183780208
783,70.79021161753413,31.226970731379637,1.1,1.1,-1.0616211844576668
784,70.98019878839584,30.88666042313077,1.1,1.1,-1.0111553638045845
785,71.18711619921885,30.55635859412171,1.1,1.1,-0.9610676105456062
786,71.41017538754254,30.237025230069364,1.1,1.1,-0.9137328967525126
787,71.64792676793338,29.928821663959496,1.1,1.1,-0.8775261460426717
788,71.89677294152054,29.62931327680102,1.1,1.1,-0.8541770320513744
789,72.15268105039057,29.335538900431988,1.1,1.1,-0.8436378527527822
790,72.41161800326519,29.044537444478784,1.1,1.1,-0.8458878835746241
791,72.66955086444267,28.753347740779446,1.1,1.1,-0.8609857760147529
792,72.92244669822135,28.45900877674868,1.1,1.1,-0.8890602789344749
793,73.16627241332286,28.15855938422454,1.1,1.1,-0.9302334107236628
794,73.39699522962218,27.849038472833367,1.1,1.1,-0.9844797829394122
795,73.6105820558409,27.52748487441326,1.1,1.1,-1.049912510114334
796,73.80335295969559,27.19149251828833,1.1,1.1,-1.117365434263055
797,73.97370083439485,26.841912953250706,1.1,1.1,-1.1840527937342178
798,74.12077226422673,26.480782833221504,1.1,1.1,-1.2505139527769815
799,74.24371531145759,26.110140679041702,1.1,1.1,-1.3172899827955855
800,74.34167764941208,25.73202485597557,1.1,1.1,-1.3849104268844499
801,74.41380710699144,25.34847365149908,1.1,1.1,-1.4538884740178581
802,74.45925159088534,24.96152566424149,1.1,1.1,-1.524712478591817
803,74.47715892999507,24.573219103890448,1.1,1.1,-1.5978311600807642
804,74.46667695322195,24.185592413498576,1.1,1.1,-1.6733444150108898
805,74.4270629376403,23.80065050935046,1.1,1.1,-1.7482688027956703
806,74.35879403683475,23.42002445704152,1.1,1.1,-1.8206795628186216
807,74.26310980776175,23.0451120349809,1.1,1.1,-1.890703346350502
808,74.14126116447316,22.677307287738227,1.1,1.1,-1.9585762069855268
809,73.99449948775079,22.31800418209472,1.1,1.1,-2.0245966621883063
810,73.82407576943483,21.968596840408296,1.1,1.1,-2.089105057483587
811,73.63124115694211,21.630479307248557,1.1,1.1,-2.1524724839763882
812,73.41724679768947,21.30504562718506,1.1,1.1,-2.21509088671788
813,73.18334383909378,20.993690000364065,1.1,1.1,-2.277207292314451
814,72.9308132992886,20.697746729921647,1.1,1.1,-2.3351986624720036
815,72.66167899712146,20.417066929004072,1.1,1.1,-2.3849534538182726
816,72.37874092334525,20.149952167326617,1.1,1.1,-2.4263324155159625
817,72.08483539586054,19.894631515885813,1.1,1.1,-2.459489977749715
818,71.78279865477957,19.64933389010155,1.1,1.1,-2.4849048875944475
819,71.47532699901818,19.412331300125672,1.1,1.1,-2.505987131365531
820,71.16360242217242,19.182361008080942,1.1,1.1,-2.524705013532299
821,70.84788123677265,18.95844498135905,1.1,1.1,-2.5410139350989236
822,70.52840668691074,18.73960915455627,1.1,1.1,-2.5548722391172296
823,70.2054219388901,18.52488366283841,1.1,1.1,-2.56701592712015
824,69.87918945051875,18.31366619120617,1.1,1.1,-2.5787878799011517
825,69.5500044284895,18.105995322668686,1.1,1.1,-2.5903480105257723
826,69.21816550218146,17.90197443790967,1.1,1.1,-2.601720670389063
827,68.8839713009737,17.701706684247878,1.1,1.1,-2.6127523464756854
828,68.54775312534173,17.505234145167044,1.1,1.1,-2.6191735992260727
829,68.21062980476187,17.31112582664328,1.1,1.1,-2.616570481073471
830,67.87452846719383,17.11643922971261,1.1,1.1,-2.6046982093303885
831,67.54141272332174,16.918163401685174,1.1,1.1,-2.5834922030454157
832,67.21324633940638,16.71328700092949,1.1,1.1,-2.5522335394434825
833,66.89208642769832,16.49855054105782,1.1,1.1,-2.508949297001065
834,66.58027410562214,16.269938744318225,1.1,1.1,-2.4588059642835893
835,66.27900179040942,16.024919756313558,1.1,1.1,-2.4537106030984748
836,65.97758821159881,15.77722360532096,1.1,1.1,-2.445495321325898
837,65.67858715989497,15.527366728029094,1.1,1.1,-2.383601701640213
838,65.39706631160915,15.260869294497622,1.1,1.1,-2.3193012788761522
839,65.1339801294872,14.977617811560602,1.1,1.1,-2.2582949414780655
840,64.88879358543082,14.679024759620592,1.1,1.1,-2.2007068269756673
841,64.66097204028333,14.366502774656842,1.1,1.1,-2.147527036910338
842,64.44963648597397,14.04162395871448,1.1,1.1,-2.104006568029252
843,64.25202979311688,13.706832109806928,1.1,1.1,-2.071823967293308
844,64.06475681248574,13.36486693273527,1.1,1.1,-2.0507873260752456
845,63.88442200591271,13.018468521242262,1.1,1.1,-2.040734098036489
846,63.70763030195979,12.670376346764035,1.1,1.1,-2.0392472818185348
847,63.53169380285024,12.322688593786674,1.1,1.1,-2.0392883990938757
848,63.356036641615226,11.97558829823858,1.1,1.1,-2.0395489527059807
849,63.1804756267497,11.628902225520283,1.1,1.1,-2.040029436668749
850,63.00482756674869,11.282457374397344,1.1,1.1,-2.040709082678548
851,62.82892272748735,10.936089922657622,1.1,1.1,-2.041377304274399
852,62.652731471613954,10.589731961093523,1.1,1.1,-2.0419094324885103
853,62.47630716191929,10.243372054821322,1.1,1.1,-2.0423046799060014
854,62.29970409465413,9.896999780205462,1.1,1.1,-2.0425630087656894
855,62.1229765660692,9.550604558033765,1.1,1.1,-2.0426843525602343
856,61.94617895020362,9.20417580909407,1.1,1.1,-2.0426691507243038
857,61.769365543308055,8.857703109750831,1.1,1.1,-2.042516908639698
858,61.59259071942163,8.511175725215224,1.1,1.1,-2.0422280047302235
859,61.41590885258341,8.164583231851724,1.1,1.1,-2.041805897539717
860,61.23937283885424,7.817915283813115,1.1,1.1,-2.041326964884553
861,61.063005859155005,7.47116869177809,1.1,1.1,-2.0408676893665474
862,60.88680106811306,7.124346878432942,1.1,1.1,-2.040431468362071
863,60.71075037574264,6.777453733193903,1.1,1.1,-2.040018482145395
864,60.53484561426962,6.430493145477219,1.1,1.1,-2.0396283735253737
865,60.35907869370824,6.083468849122495,1.1,1.1,-2.039261503580905
866,60.1834414462844,5.7363847335459575,1.1,1.1,-2.0389175170396943
867,60.0079258598006,5.389244688163859,1.1,1.1,-2.0385966820649273
868,59.83252376648273,5.04205252460411,1.1,1.1,-2.038298911857957
869,59.65722707634506,4.694812132282956,1.1,1.1,-2.0380242060675586
870,59.48202762161343,4.347527245039985,1.1,1.1,-2.0377724791422716
871,59.30691739009043,4.000201830079772,1.1,1.1,-2.0375440877542017
872,59.13188813621356,3.652839699030238,1.1,1.1,-2.037338497281274
873,58.95693184778541,3.305444663519286,1.1,1.1,-2.037155887297724
874,58.7820404348202,2.958020535174845,1.1,1.1,-2.0369967059044236
875,58.60720565175544,2.610571203413151,1.1,1.1,-2.0368604179398893
876,58.43241948639373,2.263100557650446,1.1,1.1,-2.0367472915346743
877,58.25767377096096,1.91561240951466,1.1,1.1,-2.036656970010444
878,58.082960493259634,1.5681105706336964,1.1,1.1,-2.03659007981076
879,57.90827140772733,1.2205989304237983,1.1,1.1,-2.036546174228182
880,57.73359842437826,0.8730813005128869,1.1,1.1,-2.036525164789865
881,57.558933531015015,0.5255615703172136,1.1,1.1,-2.036527319407631
882,57.38426855986341,0.1780435514646732,1.1,1.1,-2.036552459647439
883,57.209595420937696,-0.1694689444167956,1.1,1.1,-2.036601032903443
884,57.03490586867544,-0.51697202791095,1.1,1.1,-2.0366722346898842
885,56.86019196866751,-0.8644618873898952,1.1,1.1,-2.0367666909660245
886,56.68544555313981,-1.2119346334373615,1.1,1.1,-2.0368844017106316
887,56.5106584543182,-1.559386376637124,1.1,1.1,-2.037025187019349
888,56.33582250442858,-1.9068133831495924,1.1,1.1,-2.0371886005591024
889,56.160929769061845,-2.254211841346837,1.1,1.1,-2.0373754478845667
890,55.98597208044384,-2.601577706235961,1.1,1.1,-2.0375854574566334
891,55.81094119301217,-2.9489073217657147,1.1,1.1,-2.0378183628246203
892,55.63582909456935,-3.2961967985198464,1.1,1.1,-2.038074432249062
893,55.4606276951296,-3.6434421692937993,1.1,1.1,-2.038353304781462
894,55.28532890470716,-3.9906397780362792,1.1,1.1,-2.0386556971310337
895,55.10992447773957,-4.337785657542747,1.1,1.1,-2.0389808926336213
896,54.93440640202937,-4.684875996185274,1.1,1.1,-2.0393264759328824
897,54.75876752105069,-5.0319073712775575,1.1,1.1,-2.0396658830309833
898,54.58300993508829,-5.3788809496444845,1.1,1.1,-2.0399835547665495
899,54.407141267398025,-5.725800387337323,1.1,1.1,-2.040279401366516
900,54.23116914123568,-6.072669418195662,1.1,1.1,-2.0405532450269765
901,54.05510125764546,-6.419491776059084,1.1,1.1,-2.0408053552075156
902,53.87894523988321,-6.766271116978873,1.1,1.1,-2.041035551276466
903,53.70270871120472,-7.113011252582934,1.1,1.1,-2.041243745951609
904,53.52639937265417,-7.459715916710864,1.1,1.1,-2.0414302086414353
905,53.35002484748742,-7.806388765413931,1.1,1.1,-2.0415948491021307
906,53.17359275896028,-8.153033532531733,1.1,1.1,-2.041737398711539
907,52.99711080811691,-8.499654029692184,1.1,1.1,-2.0418584864387817
908,52.820586540424806,-8.846253835158219,1.1,1.1,-2.041957214914988
909,52.64402773471648,-9.192836838346093,1.1,1.1,-2.0420343912597696
910,52.46744193645945,-9.539406695307068,1.1,1.1,-2.0420895684876874
911,52.29083684669784,-9.88596713988073,1.1,1.1,-2.0421228375418203
912,52.11422016647582,-10.232521828118362,1.1,1.1,-2.0421343732487314
913,51.93759944126092,-10.579074571647867,1.1,1.1,-2.04212391007195
914,51.7609823720973,-10.925629104308848,1.1,1.1,-2.042091716975084
915,51.584376582240765,-11.27218908215256,1.1,1.1,-2.042037612275659
916,51.40778969494716,-11.61875831680693,1.1,1.1,-2.041961599252248
917,51.23122941126068,-11.965340464323232,1.1,1.1,-2.0418635869071355
918,51.054703432225445,-12.311939258541052,1.1,1.1,-2.0417441096452116
919,50.878219225520645,-12.658558433299971,1.1,1.1,-2.0416021854075037
920,50.70178464776709,-13.005201800227928,1.1,1.1,-2.0414387989015585
921,50.52540724443233,-13.351872937587853,1.1,1.1,-2.0412534994185796
922,50.349094638772144,-13.698575657007664,1.1,1.1,-2.0410461990140853
923,50.17285453183073,-14.045313692326957,1.1,1.1,-2.0408171660972374
924,49.99669454686388,-14.392090699596991,1.1,1.1,-2.0405662190226117
925,49.82062230712749,-14.738910490445702,1.1,1.1,-2.0402933600676603
926,49.64464551366564,-15.085776720924342,1.1,1.1,-2.0399985860140264
927,49.468771789734255,-15.432693202660834,1.1,1.1,-2.0396818988411582
928,49.293008836377446,-15.77966359170644,1.1,1.1,-2.0393434739915692
929,49.11736419906273,-16.12669169968909,1.1,1.1,-2.038983225001479
930,48.94184557883428,-16.473781104871716,1.1,1.1,-2.0386008802517925
931,48.76646067673621,-16.82093561888224,1.1,1.1,-2.0381968864770044
932,48.59121703823608,-17.168158975560246,1.1,1.1,-2.037770886049413
933,48.416122364378026,-17.51545490874534,1.1,1.1,-2.037316527271207
934,48.24118653427931,-17.862828319101986,1.1,1.1,-2.0368005333218258
935,48.06643078415263,-18.21029033036063,1.1,1.1,-2.0362122607773037
936,47.891880006261886,-18.557854010959847,1.1,1.1,-2.035551622498324
937,47.71755917065941,-18.90553235154989,1.1,1.1,-2.0348186206412824
938,47.543493169609135,-19.253338498357657,1.1,1.1,-2.0340131699436514
939,47.36970697316335,-19.60128551982172,1.1,1.1,-2.0331356332122184
940,47.19622539579765,-19.949386484380657,1.1,1.1,-2.032185479690577
941,47.02307348535265,-20.29765446047304,1.1,1.1,-2.031163254043138
942,46.85027605630398,-20.646102516537443,1.1,1.1,-2.0300686071748166
943,46.6778580787039,-20.99474372101244,1.1,1.1,-2.028901640589032
944,46.50584444481638,-21.34359122012494,1.1,1.1,-2.027662364654313
945,46.33426012469373,-21.69265800452517,1.1,1.1,-2.0263508847475205
946,46.16313001059982,-22.04195714265173,1.1,1.1,-2.024967217872776
947,45.99247899479864,-22.391501702943174,1.1,1.1,-2.0235112960098913
948,45.82233196955416,-22.74130483162641,1.1,1.1,-2.0219828693826454
949,45.65271398270698,-23.09137959714002,1.1,1.1,-2.0203825894118417
950,45.48364984873268,-23.44173899013424,1.1,1.1,-2.0187099500827617
951,45.31516453768357,-23.792396156835974,1.1,1.1,-2.0170561282693322
952,45.147251748705365,-24.14334744119395,1.1,1.1,-2.0173281126859197
953,44.97925028103682,-24.49423890633013,1.1,1.1,-2.0213387209300318
954,44.80987670510629,-24.844383836912744,1.1,1.1,-2.029162937566619
955,44.63782316580812,-25.19308252695981,1.1,1.1,-2.0408067386438127
956,44.46178173024834,-25.539635114912663,1.1,1.1,-2.0557862087429233
957,44.28061069918319,-25.88343290712939,1.1,1.1,-2.0694113613308605
958,44.09476544546632,-26.224743028717494,1.1,1.1,-2.0790636750990066
959,43.9055912403876,-26.56432103767625,1.1,1.1,-2.084714965324836
960,43.71444300098925,-26.90292731488101,1.1,1.1,-2.086394442422634
961,43.52266669865608,-27.24131734054269,1.1,1.1,-2.085868864760259
962,43.33101610225585,-27.57990028125,1.1,1.1,-2.0859564083072817
963,43.13929884126126,-27.91853183966033,1.1,1.1,-2.0869094595694015
964,42.94723744471752,-28.25701840063315,1.1,1.1,-2.0887276334138183
965,42.75455467503491,-28.595166193451263,1.1,1.1,-2.09141126955284
966,42.56097329462367,-28.93278144739747,1.1,1.1,-2.094961659060113
967,42.36621575474072,-29.269670469542906,1.1,1.1,-2.0993789585839564
968,42.170004973373,-29.60563941138205,1.1,1.1,-2.104665149710104
969,41.97206347956575,-29.940494502197712,1.1,1.1,-2.110820468299776
970,41.77211411351755,-30.274042282425995,1.1,1.1,-2.1174880417075364
971,41.569994453206135,-30.606168636594354,1.1,1.1,-2.1236733190171777
972,41.365859997492834,-30.936980757014418,1.1,1.1,-2.129203910069803
973,41.15992093043142,-31.26662387448868,1.1,1.1,-2.1340787714024327
974,40.95238751386392,-31.59524306424297,1.1,1.1,-2.138297384307724
975,40.74346985405579,-31.922983479291474,1.1,1.1,-2.1418586521466443
976,40.53337829063739,-32.24999035043668,1.1,1.1,-2.14476303117469
977,40.32232292987416,-32.5764087529044,1.1,1.1,-2.1470099815159043
978,40.110514033608105,-32.902383839708826,1.1,1.1,-2.148599598898251
979,39.898161785893,-33.22806084165244,1.1,1.1,-2.149532351175881
980,39.68547637078257,-33.55358475617275,1.1,1.1,-2.149807856378145
981,39.47266805011888,-33.879100891860574,1.1,1.1,-2.1494270708647814
982,39.25994693016736,-34.20475432394176,1.1,1.1,-2.148389852049426
983,39.047523350558365,-34.53069012764213,1.1,1.1,-2.1466968063232175
984,38.83560741755732,-34.85705361155252,1.1,1.1,-2.1443486103027345
985,38.62440931521797,-35.183989850898755,1.1,1.1,-2.1413456097113803
986,38.41413930538237,-35.511643998695,1.1,1.1,-2.1376885630244837
987,38.205007649892586,-35.840161207955425,1.1,1.1,-2.1333789096782603
988,37.9972243772257,-36.1696866316942,1.1,1.1,-2.128820545744648
989,37.79087489896239,-36.50026865424937,1.1,1.1,-2.1278022330929964
990,37.584870645284745,-36.831047014536445,1.1,1.1,-2.132400019297417
991,37.377480359234994,-37.16066391734523,1.1,1.1,-2.1426532308368818
992,37.16696640521267,-37.48775643343608,1.1,1.1,-2.1585959004278794
993,36.9515909920407,-37.810961711357685,1.1,1.1,-2.1802672756484744
994,36.72961640633034,-38.1289168996587,1.1,1.1,-2.2076974463817987
995,36.499304779116194,-38.44025899131118,1.1,1.1,-2.24088354844054
996,36.25891855258613,-38.74362521265211,1.1,1.1,-2.279766128828436
997,36.00671977998639,-39.03765263444187,1.1,1.1,-2.3241878531197706
998,35.74101174237548,-39.32093811087686,1.1,1.1,-2.3739246259356275
999,35.46091115332471,-39.59127828765577,1.1,1.1,-2.429227136741016
1000,35.16628382797372,-39.84573323282935,1.1,1.1,-2.49056648190266
1001,34.85702335189416,-40.08133555516966,1.1,1.1,-2.5583438614238165
1002,34.53302346623424,-40.2951177078721,1.1,1.1,-2.631793749300299
1003,34.19436265941377,-40.48446118034568,1.1,1.1,-2.701608169026914
1004,33.842819794845326,-40.64995405232624,1.1,1.1,-2.7628399711200498
1005,33.48108907116,-40.79391099320793,1.1,1.1,-2.815750909122969
1006,33.11187363264621,-40.91866347466305,1.1,1.1,-2.860821840577696
1007,32.73785997689088,-41.02652492147258,1.1,1.1,-2.901737323628416
1008,32.36075306839801,-41.11875145950613,1.1,1.1,-2.9436509539519635
1009,31.980745044329986,-41.19496892692118,1.1,1.1,-2.986914439661422
1010,31.5978986020766,-41.25466376519712,1.1,1.1,-3.0314174500420785
1011,31.21227659460436,-41.2973224936016,1.1,1.1,-3.077138018067399
1012,30.82399445978732,-41.32238379158254,1.1,1.1,-3.1262889406540975
1013,30.43419661946063,-41.32834961158002,1.1,1.1,3.1018460785549995
1014,30.04496274448909,-41.31287074618369,1.1,1.1,3.040263637197399
1015,29.658406732600405,-41.27356679486489,1.1,1.1,2.9716555716706656
1016,29.276641937004023,-41.2080589906498,1.1,1.1,2.8983661036411115
1017,28.90145515552168,-41.11496044549471,1.1,1.1,2.8274994981220325
1018,28.53376576836473,-40.99551779509363,1.1,1.1,2.7602671691252363
1019,28.17435095868676,-40.85141025601504,1.1,1.1,2.6965835193489585
1020,27.82398783185294,-40.6843170448274,1.1,1.1,2.636260184030335
1021,27.483453337651884,-40.49591745588753,1.1,1.1,2.579033484303538
1022,27.153524659237107,-40.28789070576386,1.1,1.1,2.52458921530198
1023,26.834978824185512,-40.06191593323656,1.1,1.1,2.472579995606599
1024,26.528592937862346,-39.81967243266245,1.1,1.1,2.4226366478621464
1025,26.235144027844477,-39.56283934282165,1.1,1.1,2.373709197676519
1026,25.95550293442858,-39.29282626594871,1.1,1.1,2.3223374334541975
1027,25.690985213764467,-39.00976194172127,1.1,1.1,2.267473397631793
1028,25.44303811763591,-38.71339565836834,1.1,1.1,2.2090928440453537
1029,25.21310920898,-38.40347639296564,1.1,1.1,2.147276670078625
1030,25.002642239105885,-38.07975553402696,1.1,1.1,2.0873720203075896
1031,24.811351724861385,-37.74299058425966,1.1,1.1,2.042876811702247
1032,24.634464263480584,-37.396550478224526,1.1,1.1,2.015680468034364
1033,24.46648799922928,-37.04422241830508,1.1,1.1,2.005468418420291
1034,24.301930920796625,-36.68979352909649,1.1,1.1,2.0108963624422755
1035,24.13569229214576,-36.33677237520265,1.1,1.1,2.021424561466017
1036,23.96609001854019,-35.98623142425824,1.1,1.1,2.031589385530496
1037,23.79320772242911,-35.63798515110849,1.1,1.1,2.0413303517873826
1038,23.617143883831787,-35.291837451386456,1.1,1.1,2.050634460920384
1039,23.43799698276748,-34.94759237630187,1.1,1.1,2.0594898284393977
1040,23.255865343678785,-34.605053665911115,1.1,1.1,2.0678857368071673
1041,23.0708475243733,-34.26402537142392,1.1,1.1,2.0758132792516832
1042,22.883041849293623,-33.924311388473335,1.1,1.1,2.08326404454836
1043,22.69254679845901,-33.58571553490411,1.1,1.1,2.0902816766969154
1044,22.499449417004957,-33.24806107564218,1.1,1.1,2.097773817202892
1045,22.303628899663,-32.91152108971033,1.1,1.1,2.106545688685376
1046,22.10478272763777,-32.576575064342926,1.1,1.1,2.1166383883363182
1047,21.902602314644643,-32.24371236589157,1.1,1.1,2.128071215315154
1048,21.69677907439893,-31.91342267186118,1.1,1.1,2.140741392325667
1049,21.487031102011365,-31.58614711984196,1.1,1.1,2.153584920466144
1050,21.27330666824596,-31.261910213156245,1.1,1.1,2.1660377298124214
1051,21.05567189317881,-30.94052323732794,1.1,1.1,2.1780799049822073
1052,20.83419359698099,-30.62179584432617,1.1,1.1,2.18969770441622
1053,20.608939222130108,-30.30553916409818,1.1,1.1,2.2009560423562378
1054,20.379996202703303,-29.99164312616432,1.1,1.1,2.211965469786075
1055,20.14748153234116,-29.680112708977383,1.1,1.1,2.222739933303757
1056,19.91151469391061,-29.37096253674245,1.1,1.1,2.233283907321809
1057,19.672215014702005,-29.06420684472295,1.1,1.1,2.2436021986119155
1058,19.42970197758229,-28.759860101547325,1.1,1.1,2.2537000314482833
1059,19.184094832053457,-28.45793677584397,1.1,1.1,2.263581262113312
1060,18.935513138770805,-28.158451180664677,1.1,1.1,2.2732513313411427
1061,18.68407614723631,-27.86141770684953,1.1,1.1,2.2827143048768637
1062,18.42990334031695,-27.56685066745031,1.1,1.1,2.291855578226208
1063,18.17313216998273,-27.274714590990893,1.1,1.1,2.3003752398805286
1064,17.913945127643732,-26.984847911120543,1.1,1.1,2.308224174209018
1065,17.652532016812586,-26.697069692195704,1.1,1.1,2.3154009486972553
1066,17.389082407636952,-26.41119892078444,1.1,1.1,2.321903907113581
1067,17.12378602584112,-26.127054505666493,1.1,1.1,2.3277322441857047
1068,16.856832674937717,-25.84445543340997,1.1,1.1,2.3328860853340805
1069,16.588411847286075,-25.563220690582927,1.1,1.1,2.33736465707173
1070,16.318713268610498,-25.283169185965136,1.1,1.1,2.3411679465370536
1071,16.047926742423616,-25.00411990612468,1.1,1.1,2.3442966451374017
1072,15.776241838873071,-24.725891915417957,1.1,1.1,2.3467503849957407
1073,15.503848205894853,-24.448304044836387,1.1,1.1,2.34852938895826
1074,15.230935647001573,-24.171175280948077,1.1,1.1,2.3496344546287586
1075,14.957693732340886,-23.894324688109418,1.1,1.1,2.3500649378162035
1076,14.684312265425431,-23.617571097311835,1.1,1.1,2.349821992294287
1077,14.410980816402848,-23.34073365070008,1.1,1.1,2.3489048910726447
1078,14.137889110997442,-23.063631179265563,1.1,1.1,2.347314135273367
1079,13.865226797145192,-22.78608266957638,1.1,1.1,2.3450494874824583
1080,13.593183678358738,-22.5079071082006,1.1,1.1,2.342143313334121
1081,13.32194146816489,-22.228933205246918,1.1,1.1,2.3388622270045527
1082,13.051616849050951,-21.9490716597184,1.1,1.1,2.33534067812736
1083,12.782293365677788,-21.6682743984303,1.1,1.1,2.3315782155511067
1084,12.514054640494614,-21.38649350377451,1.1,1.1,2.327575205938871
1085,12.246983907009016,-21.10368121371957,1.1,1.1,2.3233303938488215
1086,11.981164709881895,-20.81978976623404,1.1,1.1,2.318842939932405
1087,11.716680515985786,-20.53477124370979,1.1,1.1,2.3141123788282503
1088,11.453614792193266,-20.24857788411538,1.1,1.1,2.3091379767047546
1089,11.192050849800236,-19.961161769842697,1.1,1.1,2.3039434644572787
1090,10.932062976656946,-19.67247918385318,1.1,1.1,2.2989570294027417
1091,10.67356420541619,-19.382555796294035,1.1,1.1,2.294546898387565
1092,10.416330116760808,-19.09147662980431,1.1,1.1,2.2907274906142376
1093,10.160132013015737,-18.79932857394285,1.1,1.1,2.2875010671206226
1094,9.90474111871759,-18.506198518268537,1.1,1.1,2.2848684318049712
1095,9.649928813979656,-18.212173274551876,1.1,1.1,2.282830977390716
1096,9.395466167761924,-17.917339887928378,1.1,1.1,2.2813871402625145
1097,9.14112463796597,-17.62178517016858,1.1,1.1,2.2805363052405014
1098,8.88667544912843,-17.32559601083133,1.1,1.1,2.280461380160565
1099,8.631848831338734,-17.028922541383576,1.1,1.1,2.290185644169501
1100,8.37437686598596,-16.73500075613896,1.1,1.1,2.3229034604761205
1101,8.109132757944428,-16.451480981269547,1.1,1.1,2.4067854142972793
1102,7.826400823229055,-16.19600094155113,1.1,1.1,2.6552737275136127
1103,7.5003274119820285,-16.023616023989128,1.1,1.1,2.9593781382474185
1104,7.127578749965363,-15.95493398939032,1.1,1.1,-3.090719265280147
1105,6.72946704905568,-15.975204771173884,1.1,1.1,-2.9319239704874978
1106,6.336713252384805,-16.058781247484443,1.1,1.1,-2.7998910052493633
1107,5.972295175440984,-16.188387487045055,1.1,1.1,-2.647115022174941
1108,5.639931177940226,-16.367582694659088,1.1,1.1,-2.4938049012389336
1109,5.337322459306651,-16.59657262044578,1.1,1.1,-2.3910436031198126
1110,5.05456889943697,-16.86027496388884,1.1,1.1,-2.3432258276297993
1111,4.78066290584707,-17.141379100118463,1.1,1.1,-2.3469900280261315
1112,4.504596730476165,-17.422574715418104,1.1,1.1,-2.4013398203483978
1113,4.215474173721321,-17.686703572246312,1.1,1.1,-2.4865934925882316
1114,3.9073561747687777,-17.923376028571536,1.1,1.1,-2.573678986431796
1115,3.5811274980253485,-18.131519383394146,1.1,1.1,-2.660050447102133
1116,3.23816974192865,-18.310739716637105,1.1,1.1,-2.7453533579976823
1117,2.8798645827046023,-18.460642874858426,1.1,1.1,-2.8381287362125813
1118,2.508137670334805,-18.577043846181333,1.1,1.1,-2.9785263928186323
1119,2.1272169558513365,-18.639715643649154,1.1,1.1,3.1049132931259886
1120,1.7422311012996947,-18.62558827260872,1.1,1.1,2.9045641191180174
1121,1.3629771572527205,-18.53397206177192,1.1,1.1,2.742517985336478
1122,1.0029851582043667,-18.38216238949692,1.1,1.1,2.607151247790644
1123,0.670703460751301,-18.18548526712173,1.1,1.1,2.496322147161891
1124,0.3625551243520611,-17.953520949157873,1.1,1.1,2.412377324246277
1125,0.073264233662242,-17.69503796894707,1.1,1.1,2.3552450075632057
1126,-0.2024449710859346,-17.41880470425439,1.1,1.1,2.323716667256216
1127,-0.4697934866795541,-17.133500931942933,1.1,1.1,2.306499452880491
1128,-0.7317322910100218,-16.844142832140445,1.1,1.1,2.289291614314684
1129,-0.9881831290225236,-16.550858133276332,1.1,1.1,2.271106557050004
1130,-1.2388573282435664,-16.253434551012077,1.1,1.1,2.2519478997044358
1131,-1.48346621619963,-15.951659801009187,1.1,1.1,2.2318230232109673
1132,-1.721721042628899,-15.645321754505794,1.1,1.1,2.210743029218547
1133,-1.953333057269522,-15.334208049375066,1.1,1.1,2.1887243006922135
1134,-2.1780134320713613,-15.01810655685515,1.1,1.1,2.165788350824522
1135,-2.3954735723492195,-14.696804914819204,1.1,1.1,2.141963139347586
1136,-2.6054248056295943,-14.370091539023662,1.1,1.1,2.1175427256880512
1137,-2.8076068521775537,-14.037903576502025,1.1,1.1,2.093121156174577
1138,-3.0018242299327427,-13.700517331384166,1.1,1.1,2.06874169403811
1139,-3.187890324703874,-13.358256091948148,1.1,1.1,2.0443631710953585
1140,-3.365618522299616,-13.011443146472027,1.1,1.1,2.0199446509320635
1141,-3.5348222085286816,-12.660401861022205,1.1,1.1,1.9954453978296496
1142,-3.6953149247764014,-12.305455446088398,1.1,1.1,1.9708240746857648
1143,-3.8469099012748176,-11.946927345525344,1.1,1.1,1.9460405952589555
1144,-3.9894207571976006,-11.585140847611092,1.1,1.1,1.9210531451786796
1145,-4.122660722776792,-11.220419162835396,1.1,1.1,1.8961681323167139
1146,-4.246603972288543,-10.853029494094102,1.1,1.1,1.8728008630618982
1147,-4.361877479631111,-10.483010424396316,1.1,1.1,1.8513772014717746
1148,-4.469274141199678,-10.110342584449167,1.1,1.1,1.8319532319117944
1149,-4.569586697812747,-9.735006604959766,1.1,1.1,1.8145424210708632
1150,-4.6635976222299655,-9.356983272211878,1.1,1.1,1.793459152498048
1151,-4.749790664423402,-8.976300667790767,1.1,1.1,1.755684815110786
1152,-4.821459848484654,-8.593093054345124,1.1,1.1,1.6990560090229339
1153,-4.871187668697934,-8.207509396517029,1.1,1.1,1.6232714142017346
1154,-4.891556774924101,-7.8196985811602335,1.1,1.1,1.5277835035266987
1155,-4.874815171650523,-7.430715106806371,1.1,1.1,1.4047123081216069
1156,-4.810721092451201,-7.048356397349783,1.1,1.1,1.2472542223020224
1157,-4.688296582193765,-6.683264440147815,1.1,1.1,1.0974234140231474
1158,-4.511657576722525,-6.338412149399461,1.1,1.1,1.012563264138555
1159,-4.304555807569614,-6.006779128787289,1.1,1.1,0.9831896054985878
1160,-4.088057831081795,-5.681753448487624,1.1,1.1,0.9679524021452061
1161,-3.86728795315834,-5.361016160748453,1.1,1.1,0.9569084557134614
1162,-3.643399152350149,-5.043317985072723,1.1,1.1,0.950115546441482
1163,-3.417544562784745,-4.72740971875172,1.1,1.1,0.9474497974806944
1164,-3.190836324142472,-4.412087509670119,1.1,1.1,0.9466515794689193
1165,-2.963785894659204,-4.0968206080874845,1.1,1.1,0.9459925608879395
1166,-2.736446714914093,-3.781591044900784,1.1,1.1,0.9454293364913042
1167,-2.5088607906025757,-3.466393686080557,1.1,1.1,0.944962127009148
1168,-2.2810702052083807,-3.1512232420207344,1.1,1.1,0.9445901109721693
1169,-2.0531168866386134,-2.836074656480196,1.1,1.1,0.9443137312378708
1170,-1.8250429183769947,-2.520942717641167,1.1,1.1,0.9441323436418992
1171,-1.596890228330638,-2.2058223692625463,1.1,1.1,0.9440464063502295
1172,-1.3687008221949597,-1.890708321738236,1.1,1.1,0.9440544530714705
1173,-1.1405162389354175,-1.575595596615448,1.1,1.1,0.9441154960601774
1174,-0.9123597372611398,-1.260481160149518,1.1,1.1,0.9441774092900044
1175,-0.684231394960457,-0.9453645456104868,1.1,1.1,0.9442364840781343
1176,-0.4561297340552032,-0.6302455974217097,1.1,1.1,0.944292395685833
1177,-0.2280531209905499,-0.3151241600065421,1.1,1.1,0.944345422580558
